issues/2021/v14/n1/24418,
issues/2021/v14/n1/24391,60231a9a5d99734419236e54
issues/2021/v14/n1/24366,
issues/2021/v14/n1/24941,6085c8614d6ecc16de8170bb
issues/2021/v14/n1/24935,601c594c623f863927721112
issues/2021/v14/n1/24895,
issues/2021/v14/n1/25698,
issues/2021/v14/n1/25420,601ea780ac2c5d0f118accc5
issues/2021/v14/n1/26266,60413f8695d4e4554f171ae9
issues/2021/v14/n1/26251,6051fdce2b54311f6ad19fb5
issues/2021/v14/n1/25740,
issues/2021/v14/n1/26501,601b063b5bb925e743b1c534
issues/2021/v14/n1/26469,6021953eac2c5d059a91206e
issues/2021/v14/n1/26394,604bd636b413c0842a0daf5e
issues/2021/v14/n1/29080,606c4fd21ced8f89390f6353
issues/2021/v14/n1/26765,6068fcb9489d2a116b4ae0c2
issues/2021/v14/n1/26711,6024508a49ede1a75a0f0d16
issues/2021/v14/n1/26709,60354a85f99f1ab4650a2167
issues/2021/v14/n1/29164_pt,60679f92489d2a231448a6f5
issues/2021/v14/n1/29164_es,6065ce4ef1644b2a58c162a0
issues/2021/v14/n1/33562,
issues/2021/v14/n1/29513,60777988e4c2db84c3176773
issues/2021/v14/n1/29177,
issues/2021/v14/n1/29523,6088a680e73b3347d894a9fd
issues/2021/v14/n1/25043,6086aad54d6ecc48be8379f3
issues/2021/v14/n1/25577,
issues/2021/v14/n1/25419,
issues/2021/v14/n1/24560,
issues/2021/v14/n1/26231,602ea764f895bb284484fc82
issues/2021/v14/n2/33575,6092d269bc02ad4eb4c10445
issues/2021/v14/n2/33578,60a2a8082a92f69cea425421
issues/2021/v14/n2/33579,60c90d449afd8241903041fa
issues/2021/v14/n2/33640,60abd674eb002333b5f0bca2
issues/2021/v14/n2/33694,60ba47eb21a7332b902ea6fd
issues/2021/v14/n2/33840,60d47189fc312cac736e4777
issues/2021/v14/n2/33935,60b52c4bbdbfef2543764715
issues/2021/v14/n2/33936,60a7d10b6b04dd9496a39788
issues/2021/v14/n2/33937,60d60dd42d481985b38368d2
issues/2021/v14/n2/33938,60c3a41437f7924a92a6eb10
issues/2021/v14/n2/33991,60af8a473bb705815930e740
issues/2021/v14/n2/34204,60dddd4f40bf0038241edd34
issues/2021/v14/n2/34333,60d483538257ec4a031ebd48
issues/2021/v14/n2/34883,60413f8695d4e4554f171ae9
issues/2021/v14/n2/34260,60c21187399710e3685b1198
issues/2021/v14/n2/33988,60cd06aad5871288b9f4de2a
issues/2021/v14/n2/34055,60df43ac5c8ff413f9f340bd
issues/2021/v14/n2/34204,60dddd4f40bf0038241edd34
issues/2021/v14/n3/24923,60e3382382d0ed2c368692e8
issues/2021/v14/n3/27047,610981b466d2bb324b0ea2c9
issues/2021/v14/n3/29457,60ec9a6ac4d1fd6d01eb48f0
issues/2021/v14/n3/29459,611517b363ca0cff93d1fae2
issues/2021/v14/n3/29627,60ecc07463a619fa2c4f0c65
issues/2021/v14/n3/29629,611a8eb9a4027cdf6438d7ad
issues/2021/v14/n3/29687,60ed7f55e199e50663f0a9e9
issues/2021/v14/n3/29714,60ece29d9007bd73315cb021
issues/2021/v14/n3/31351,611659e31cd781cc64513ec7
issues/2021/v14/n3/32557,61184807c346a7fbefc99293
issues/2021/v14/n3/32563,6129769affabb6aa47a827d0
issues/2021/v14/n3/32572,613f44b03d2a316babf0cc41
issues/2021/v14/n3/33027,611fd34fd4f19a13a95a6d3b
issues/2021/v14/n3/33162,6149ffee26170a7729a82d6f
issues/2021/v14/n3/33445,6132401902b581804c7dc3a9
issues/2021/v14/n3/33750,61559e4670341d66cc1ec0b0
issues/2021/v14/n3/33890,614dc6661d026c8fe46a4aa3
issues/2021/v14/n3/34141,60ac30aeb918db3c06b8f04c
issues/2021/v14/n3/35052,613b5926a0a5df284b2d3103
issues/2021/v14/n3/35333,6136171f55da8e7f5165ae40
issues/2021/v14/n3/37090,6197d478bffc55046db68b25
issues/2022/v15/25716,616ef73285916c90871fd2b5
issues/2022/v15/27031,615d9d6616d8e351c69e951f
issues/2022/v15/33366,61737673b67173ef099f39b7
issues/2022/v15/34828,6179ba9f43bcc7f0e6f231da
issues/2022/v15/35445en,61f285b7c74458150e49a662
issues/2022/v15/35445pt,61c9b617d2d6e08041cad14d
issues/2022/v15/35555,6183e42e79f756616c4e7888
issues/2022/v15/35747,618bcb08170237504a890e87
issues/2022/v15/36032,61953d02f1837de2e55c8a2d
issues/2022/v15/36123,619f8b949eb7c342904000f8
issues/2022/v15/36213,62068da80fc9863eb5ebf29f
issues/2022/v15/36310,61f303e4f800f056cb66ef8a
issues/2022/v15/36736,62018b7d409138f9d87ad813
issues/2022/v15/36941,61e845095fcc6b385f0bf22b
issues/2022/v15/37074,61dc5e6f22bed4100b7a3045
issues/2022/v15/37264,61f826727d94d601c797ff7c
issues/2022/v15/37275,621a6ca97819caa515f7c11b
issues/2022/v15/37306,620be269149b6650f30a6d38
issues/2022/v15/37677,620cf32332a11b6f7982f972
issues/2022/v15/38008,62177dc843d5726e7f80641f
issues/2022/v15/38009,6225e7ef8a649971ec1f1dde
issues/2022/v15/36965,626686eaf1d195c89df008a7
issues/2022/v15/37426,62791fc4b4d8b6cb81976ebe
issues/2022/v15/37557,6271804f300c5c77c25d3c05
issues/2022/v15/37569,6272a50c01fd2e5cc860239d
issues/2022/v15/37810,62683d3397af86198c28446e
issues/2022/v15/37844,626bddd2d1c1dd52e9bcef20
issues/2022/v15/37947,62866be628b1884d0ac14946
issues/2022/v15/38234,627ee96f9cd7486fa77545f4
issues/2022/v15/38581,62e55522cc3e93ff7a56f2d2
issues/2022/v15/38649,628ea30410b77011b5783e84
issues/2022/v15/38695,628c1179b4e71e970897ff4f
issues/2022/v15/38715,62978f5c47ca04a0750bc484
issues/2022/v15/38733,62a8a7b4e99bf44c0ece7cf1
issues/2022/v15/39171,62b9d761b017ab584345bb05
issues/2022/v15/39263,62cf00bb0cb62dbb169122b2
issues/2022/v15/39316,631e5a7d8834265fd9c2f9a9
issues/2022/v15/39398,631f69a88477e10aa99aa448
issues/2022/v15/39459,62f3a16c4febbac09b0b9f11
issues/2022/v15/39545,62ec1e1e34d663d90f80c46c
issues/2022/v15/39657,6307774ae6ad1a4c379b6e3d
issues/2022/v15/40275,62f3f7a740bc264a418edbe2
issues/2022/v15/40453,6303b2fb8df1750bd011e543
issues/2022/v15/40454,632232d9c91c2e533d1feafe
issues/2022/v15/40458,6323a7693bc7e350bd513eae
issues/2022/v15/40501,6304b54da10e8377d5d32a5f
issues/2022/v15/40502,63342a35b3d3c7283db312e1
issues/2022/v15/40505,6315dc70aad6c22cfcac91e3
issues/2022/v15/40506,6328b360f1508ad114238df5
issues/2022/v15/40507,631f148f0e726e358e113f8d
issues/2022/v15/40508,6329b5ecab89863069c3029e
issues/2022/v15/40725,631b7b637e9f10730fbf240b
issues/2022/v15/41235,6329eed6be7e84270e4479d0
issues/2022/v15/37294,624cccfcec238e7a995e281e
issues/2022/v15/37365,625586a1db4bf7396992a2f8
issues/2022/v15/37789,624623559f169353df037212
issues/2022/v15/39348,633d65bfed44bf2b2786b795
issues/2022/v15/40207,6332138c44a9ca5826aa9102
issues/2022/v15/40459,633ad5a6ce8dd94a1bd1f78b
issues/2022/v15/40509,63342677b3d3c7bba6b229d0
issues/2022/v15/41617,6377951085fdaa567f304282
issues/2023/v16/37067,635968793b2f3eecd4279683
issues/2023/v16/38608,63bfea0b335661733de85912
issues/2023/v16/39079,63497bae31e87e34bc826f7a
issues/2023/v16/40452,6364f8757b698b01a95753dc
issues/2023/v16/41293,63bf44b176d3eb113521d7fd
issues/2023/v16/41469,63ac26ddf9ce7b01d62d09b7
issues/2023/v16/41570,63b8a01d4d7f9e10e7435c18
issues/2023/v16/41797,63ad7a205e28f91967ab96a7
issues/2023/v16/41798,63aee645068ec579aeccd85b
issues/2023/v16/41879,63c2b7a1a3bcd04e92a291de
issues/2023/v16/41886,63b7f8121ae5256dd46d9219
issues/2023/v16/42047,639b57271f0e3d86423ed48e
issues/2023/v16/42097,63bd4aa227490fdec549f0e2
issues/2023/v16/41881,64188b7c1bdcf2997912f205
issues/2023/v16/42105,63bd4b7827490f2c1f4a005f
issues/2023/v16/41397,63c7e611e7a90939bfc5bcda
issues/2023/v16/41548,63ceb28dd2fd3ac4ab0f018f
issues/2023/v16/41785,63d8195f58392df636bd8ded
issues/2023/v16/41926,63d81b84b1d2e036a852dea9
issues/2023/v16/42044,63e22f1322be257c1aa806b2
issues/2023/v16/42233,63c7fb80eaf6167a7dd196c3
issues/2023/v16/41598,63efe4a6e77a1c0bad3f4222
issues/2023/v16/42312,640ca90c9367caaf749b1318
issues/2023/v16/41439,64135421a85b4cd1b5851195
issues/2023/v16/42302,6423698c43c6ea2256cd127a
issues/2023/v16/42204,642acfa090f2b597cce518f8
issues/2023/v16/42234,6434059237469ff173130df8
issues/2023/v16/41988,643e9da2c59e23e002cb45a5
issues/2023/v16/42796,645a764b03c7736d25dc6447
issues/2023/v16/42793,6451468aa2f05bda0650a232
issues/2023/v16/44851,646605290ffc5ee943c9ffe3
issues/2023/v16/42201,6474aceee6cb67bd92f3dfee
issues/2023/v16/45190,648742f9647fd47372688d8f
issues/2023/v16/42638,6492038f4859b488ed41d787
issues/2023/v16/46196,649d687f513a9d32a8703912
